,time,red,blue,green,clear,RED OD (550-650nm),BLUE OD (400-500nm),GREEN OD (475-600nm),CLEAR OD (400-650nm)
0,0.11274909973144531,8.0,19.0,43.0,70.0,3.207252157322887,2.7513982623610516,2.2032983770389634,2.583949822565236
